{
  "data_diagnosis": {
    "X": {
      "shape": [
        1257,
        128,
        89
      ],
      "mean": 7.140052053404813e-11,
      "std": 0.9943661523522281,
      "min": -6.2885007402976765,
      "max": 9.82435872138792,
      "has_nan": false,
      "has_inf": false,
      "num_zeros": 160896,
      "num_extreme_values": 0
    },
    "y": {
      "shape": [
        1257,
        9
      ],
      "mean": -2.951958682995201e-17,
      "std": 1.0,
      "min": -5.722090296914108,
      "max": 5.3463287916617706,
      "has_nan": false,
      "has_inf": false,
      "num_zeros": 0,
      "num_extreme_values": 0
    },
    "feature_correlations": {
      "max_correlation": NaN,
      "highly_correlated_pairs": 57
    }
  },
  "weight_analysis": {
    "fc1.weight": {
      "mean": -0.00023296345898415893,
      "std": 0.010130058974027634,
      "max": 0.03827718272805214,
      "min": -0.0348326750099659,
      "has_nan": false,
      "has_inf": false,
      "shape": [
        32,
        89
      ],
      "num_params": 2848
    },
    "fc1.bias": {
      "mean": 0.0,
      "std": 0.0,
      "max": 0.0,
      "min": 0.0,
      "has_nan": false,
      "has_inf": false,
      "shape": [
        32
      ],
      "num_params": 32
    },
    "ln1.weight": {
      "mean": 1.0,
      "std": 0.0,
      "max": 1.0,
      "min": 1.0,
      "has_nan": false,
      "has_inf": false,
      "shape": [
        32
      ],
      "num_params": 32
    },
    "ln1.bias": {
      "mean": 0.0,
      "std": 0.0,
      "max": 0.0,
      "min": 0.0,
      "has_nan": false,
      "has_inf": false,
      "shape": [
        32
      ],
      "num_params": 32
    },
    "fc2.weight": {
      "mean": -0.001465927460230887,
      "std": 0.009168841876089573,
      "max": 0.016474096104502678,
      "min": -0.020260335877537727,
      "has_nan": false,
      "has_inf": false,
      "shape": [
        1,
        32
      ],
      "num_params": 32
    },
    "fc2.bias": {
      "mean": 0.0,
      "std": NaN,
      "max": 0.0,
      "min": 0.0,
      "has_nan": false,
      "has_inf": false,
      "shape": [
        1
      ],
      "num_params": 1
    }
  },
  "layer_gradients": {
    "fc2": {
      "mean": 0.20311816036701202,
      "max": 0.5163468718528748,
      "std": 0.3507745563983917,
      "has_nan": false,
      "has_inf": false
    },
    "dropout": {
      "mean": 0.00029775657458230853,
      "max": 0.008506348356604576,
      "std": 0.0033408079762011766,
      "has_nan": false,
      "has_inf": false
    },
    "ln1": {
      "mean": 8.086928573902696e-05,
      "max": 0.01076113898307085,
      "std": 0.0030323464889079332,
      "has_nan": false,
      "has_inf": false
    },
    "fc1": {
      "mean": 1.3969838619232178e-09,
      "max": 0.24401509761810303,
      "std": 0.07016333937644958,
      "has_nan": false,
      "has_inf": false
    }
  },
  "layer_activations": {
    "fc1": {
      "mean": 0.008574601262807846,
      "max": 0.10495288670063019,
      "std": 0.04326985776424408,
      "has_nan": false,
      "has_inf": false
    },
    "ln1": {
      "mean": 1.4901161193847656e-08,
      "max": 2.2122466564178467,
      "std": 1.0012375116348267,
      "has_nan": false,
      "has_inf": false
    },
    "dropout": {
      "mean": 0.3885658085346222,
      "max": 4.424493312835693,
      "std": 0.8803253173828125,
      "has_nan": false,
      "has_inf": false
    },
    "fc2": {
      "mean": 0.05380372703075409,
      "max": 0.08556798100471497,
      "std": 0.03529917448759079,
      "has_nan": false,
      "has_inf": false
    }
  },
  "problematic_layers": []
}